"id","user_id","location_id","created_at"
16,4,131,"2026-02-11 14:54:18"
17,4,53,"2026-02-11 14:54:23"
18,4,135,"2026-02-11 14:54:41"
19,4,117,"2026-02-11 14:54:48"
21,4,109,"2026-02-11 15:07:46"
26,4,66,"2026-02-11 15:20:00"
28,7,11,"2026-02-17 10:25:54"
29,7,27,"2026-02-17 10:26:00"
30,7,28,"2026-02-17 10:26:06"
31,7,33,"2026-02-17 10:46:31"
33,7,39,"2026-02-17 10:46:35"
34,7,40,"2026-02-17 10:46:38"
35,7,37,"2026-02-17 10:46:40"
36,7,308,"2026-02-17 10:46:45"
37,7,292,"2026-02-17 10:46:48"
38,7,270,"2026-02-17 10:46:51"
39,7,226,"2026-02-17 10:46:54"
41,7,190,"2026-02-17 10:47:00"
42,7,186,"2026-02-17 10:47:03"
43,7,177,"2026-02-17 10:47:06"
44,7,144,"2026-02-17 10:47:09"
45,7,45,"2026-02-17 10:47:12"
46,8,7,"2026-02-17 11:05:41"
47,8,69,"2026-02-17 11:05:49"
48,8,88,"2026-02-17 11:05:51"
49,8,98,"2026-02-17 11:05:54"
50,8,138,"2026-02-17 11:05:57"
51,8,178,"2026-02-17 11:06:03"
52,8,280,"2026-02-17 11:06:06"
53,8,192,"2026-02-17 11:06:08"
54,8,25,"2026-02-17 11:06:20"
55,8,115,"2026-02-17 11:06:25"
56,8,116,"2026-02-17 11:06:30"
57,8,117,"2026-02-17 11:06:33"
58,8,118,"2026-02-17 11:06:38"
59,8,119,"2026-02-17 11:06:42"
60,8,163,"2026-02-17 11:06:47"
61,8,212,"2026-02-17 11:06:53"
62,8,185,"2026-02-17 11:06:58"
63,8,230,"2026-02-17 11:07:04"
64,8,303,"2026-02-17 11:07:17"
65,9,6,"2026-02-17 11:11:19"
66,9,2,"2026-02-17 11:11:25"
67,9,84,"2026-02-17 11:11:30"
68,9,85,"2026-02-17 11:12:28"
69,9,27,"2026-02-17 11:14:17"
70,9,107,"2026-02-17 11:14:30"
71,9,148,"2026-02-17 11:14:39"
84,4,1,"2026-03-08 18:26:50"
87,4,212,"2026-03-30 13:28:59"
88,12,6,"2026-03-31 09:32:39"
89,12,7,"2026-03-31 09:33:20"
90,12,212,"2026-03-31 09:34:11"
95,4,4,"2026-04-07 07:56:50"
96,4,282,"2026-04-08 11:34:56"
97,13,3,"2026-04-14 14:59:08"
98,13,2,"2026-04-14 15:00:43"
99,14,69,"2026-04-17 16:32:58"
100,15,54,"2026-04-17 19:33:03"
101,2,387,"2026-04-18 13:32:15"
102,2,392,"2026-04-18 14:06:51"
103,4,387,"2026-04-18 14:55:16"
104,4,392,"2026-04-18 14:55:19"
105,19,55,"2026-04-19 15:47:24"
106,19,69,"2026-04-19 15:53:55"
107,20,2,"2026-04-19 18:48:38"
108,21,13,"2026-04-19 19:00:49"
109,21,11,"2026-04-19 19:01:44"
110,21,12,"2026-04-19 19:02:25"
111,20,387,"2026-04-19 19:32:11"
112,20,285,"2026-04-19 19:39:03"
113,22,3,"2026-04-20 07:36:08"
114,22,104,"2026-04-20 07:36:34"
115,22,1,"2026-04-20 07:37:43"
116,22,4,"2026-04-20 07:38:55"
117,22,103,"2026-04-20 07:39:12"
118,22,98,"2026-04-20 07:43:34"
119,22,100,"2026-04-20 07:44:07"
120,22,99,"2026-04-20 07:44:30"
121,23,318,"2026-04-20 13:22:15"
122,23,295,"2026-04-20 13:25:01"
123,22,138,"2026-04-21 12:43:11"
124,22,212,"2026-04-21 12:43:59"
125,22,389,"2026-04-21 12:47:22"
126,24,47,"2026-04-22 20:59:42"
127,24,72,"2026-04-22 21:22:00"
